server_timestamp,device_id,unit/batch_count,sequence_number,device_timestamp,message_type,payload,client_address,delay_seconds,duplicate_flag,gap_flag,packet_size,cpu_time_ms
 13/12/2025 23:44:33,1,fahrenheit,1, 13/12/2025 23:44:33.295,INIT,,127.0.0.1:60865,0.704,0,0,10,0.0559
 13/12/2025 23:44:33,1,fahrenheit,1, 13/12/2025 23:44:33.703,INIT,,127.0.0.1:60865,0.706,1,0,10,0.1625
 13/12/2025 23:44:34,1,10,2, 13/12/2025 23:44:34.297,DATA,"21116.000000,20.100000,20.200000,20.300000,20489.400000,-34.500000,0.000050,20.700000,20.800000,20.900000",127.0.0.1:60865,0.297,0,0,61,0.1047
 13/12/2025 23:44:35,1,10,3, 13/12/2025 23:44:35.300,DATA,"21.000000,21.100000,21.200000,21.300000,21.400000,21.500000,21.600000,21.700000,21.800000,21.900000",127.0.0.1:60865,0.301,0,0,51,0.1119
 13/12/2025 23:44:36,1,10,4, 13/12/2025 23:44:36.301,DATA,"22.000000,22.100000,22.200000,22.300000,22.400000,22.500000,22.600000,22.700000,22.800000,22.900000",127.0.0.1:60865,0.302,0,0,51,0.1308
 13/12/2025 23:44:38,1,10,6, 13/12/2025 23:44:38.303,DATA,"24.000000,24.100000,24.200000,24.300000,24.400000,24.500000,24.600000,24.700000,24.800000,24.900000",127.0.0.1:60865,0.305,0,1,51,0.5428
 13/12/2025 23:44:38,1,10,5, 13/12/2025 23:44:37.302,DATA,"23.000000,23.100000,23.200000,23.300000,23.400000,23.500000,23.600000,23.700000,23.800000,23.900000",127.0.0.1:60865,1.724,0,0,51,0.9097
 13/12/2025 23:44:39,1,10,7, 13/12/2025 23:44:39.304,DATA,"25.000000,25.100000,25.200000,25.300000,25.400000,25.500000,25.600000,25.700000,25.800000,25.900000",127.0.0.1:60865,0.305,0,0,51,0.0963
 13/12/2025 23:44:40,1,10,8, 13/12/2025 23:44:40.305,DATA,"26.000000,26.100000,26.200000,26.300000,26.800000,26.900000,27.000000,27.100000,27.200000,27.300000",127.0.0.1:60865,0.306,0,0,51,0.0888
 13/12/2025 23:44:41,1,10,9, 13/12/2025 23:44:41.306,DATA,"27.400000,27.500000,27.600000,27.700000,27.800000,27.900000,21116.000000,20.100000,20.200000,20.300000",127.0.0.1:60865,0.307,0,0,56,0.1340
 13/12/2025 23:44:42,1,10,10, 13/12/2025 23:44:42.307,DATA,"20489.400000,-34.500000,0.000050,20.700000,20.800000,20.900000,21.000000,21.100000,21.200000,21.300000",127.0.0.1:60865,0.307,0,0,56,0.0889
 13/12/2025 23:44:43,1,,0, 13/12/2025 23:44:43.301,HEARTBEAT,,127.0.0.1:60865,0.302,0,0,10,0.3830
 13/12/2025 23:44:43,1,10,11, 13/12/2025 23:44:43.308,DATA,"21.400000,21.500000,21.600000,21.700000,21.800000,21.900000,22.000000,22.100000,22.200000,22.300000",127.0.0.1:60865,0.308,0,0,51,0.0824
 13/12/2025 23:44:44,1,10,12, 13/12/2025 23:44:44.308,DATA,"22.400000,22.500000,22.600000,22.700000,22.800000,22.900000,23.000000,23.100000,23.200000,23.300000",127.0.0.1:60865,0.309,0,0,51,0.2371
 13/12/2025 23:44:46,1,10,14, 13/12/2025 23:44:46.310,DATA,"24.400000,24.500000,24.600000,24.700000,24.800000,24.900000,25.000000,25.100000,25.200000,25.300000",127.0.0.1:60865,0.311,0,1,51,0.4105
 13/12/2025 23:44:46,1,10,13, 13/12/2025 23:44:45.309,DATA,"23.400000,23.500000,23.600000,23.700000,23.800000,23.900000,24.000000,24.100000,24.200000,24.300000",127.0.0.1:60865,1.738,0,0,51,0.4644
 13/12/2025 23:44:47,1,10,15, 13/12/2025 23:44:47.311,DATA,"25.400000,25.500000,25.600000,25.700000,25.800000,25.900000,26.000000,26.100000,26.200000,26.300000",127.0.0.1:60865,0.312,0,0,51,0.1351
 13/12/2025 23:45:53,1,fahrenheit,1, 13/12/2025 23:45:53.433,INIT,,127.0.0.1:46789,0.434,0,0,10,0.0659
 13/12/2025 23:45:53,1,10,2, 13/12/2025 23:45:53.434,DATA,"21116.000000,20.100000,20.200000,20.300000,20489.400000,-34.500000,0.000050,20.700000,20.800000,20.900000",127.0.0.1:46789,0.436,0,0,61,0.0714
 13/12/2025 23:45:54,1,10,3, 13/12/2025 23:45:54.435,DATA,"21.000000,21.100000,21.200000,21.300000,21.400000,21.500000,21.600000,21.700000,21.800000,21.900000",127.0.0.1:46789,0.436,0,0,51,0.1386
 13/12/2025 23:45:55,1,10,4, 13/12/2025 23:45:55.436,DATA,"22.000000,22.100000,22.200000,22.300000,22.400000,22.500000,22.600000,22.700000,22.800000,22.900000",127.0.0.1:46789,0.437,0,0,51,0.0952
 13/12/2025 23:45:56,1,10,5, 13/12/2025 23:45:56.437,DATA,"23.000000,23.100000,23.200000,23.300000,23.400000,23.500000,23.600000,23.700000,23.800000,23.900000",127.0.0.1:46789,0.438,0,0,51,0.0991
 13/12/2025 23:45:57,1,10,6, 13/12/2025 23:45:57.439,DATA,"24.000000,24.100000,24.200000,24.300000,24.400000,24.500000,24.600000,24.700000,24.800000,24.900000",127.0.0.1:46789,0.439,0,0,51,0.1471
 13/12/2025 23:45:58,1,10,7, 13/12/2025 23:45:58.440,DATA,"25.000000,25.100000,25.200000,25.300000,25.400000,25.500000,25.600000,25.700000,25.800000,25.900000",127.0.0.1:46789,0.44,0,0,51,0.0966
 13/12/2025 23:45:59,1,10,8, 13/12/2025 23:45:59.441,DATA,"26.000000,26.100000,26.200000,26.300000,26.800000,26.900000,27.000000,27.100000,27.200000,27.300000",127.0.0.1:46789,0.442,0,0,51,0.1535
 13/12/2025 23:46:00,1,10,9, 13/12/2025 23:46:00.442,DATA,"27.400000,27.500000,27.600000,27.700000,27.800000,27.900000,21116.000000,20.100000,20.200000,20.300000",127.0.0.1:46789,0.443,0,0,56,0.1591
 13/12/2025 23:46:01,1,10,10, 13/12/2025 23:46:01.443,DATA,"20489.400000,-34.500000,0.000050,20.700000,20.800000,20.900000,21.000000,21.100000,21.200000,21.300000",127.0.0.1:46789,0.444,0,0,56,0.1393
 13/12/2025 23:46:02,1,10,11, 13/12/2025 23:46:02.445,DATA,"21.400000,21.500000,21.600000,21.700000,21.800000,21.900000,22.000000,22.100000,22.200000,22.300000",127.0.0.1:46789,0.446,0,0,51,0.1404
 13/12/2025 23:46:03,1,,0, 13/12/2025 23:46:03.444,HEARTBEAT,,127.0.0.1:46789,0.445,0,0,10,0.4761
 13/12/2025 23:46:03,1,10,12, 13/12/2025 23:46:03.446,DATA,"22.400000,22.500000,22.600000,22.700000,22.800000,22.900000,23.000000,23.100000,23.200000,23.300000",127.0.0.1:46789,0.448,0,0,51,0.0733
 13/12/2025 23:46:04,1,10,13, 13/12/2025 23:46:04.447,DATA,"23.400000,23.500000,23.600000,23.700000,23.800000,23.900000,24.000000,24.100000,24.200000,24.300000",127.0.0.1:46789,0.448,0,0,51,0.1412
 13/12/2025 23:46:05,1,10,14, 13/12/2025 23:46:05.448,DATA,"24.400000,24.500000,24.600000,24.700000,24.800000,24.900000,25.000000,25.100000,25.200000,25.300000",127.0.0.1:46789,0.449,0,0,51,0.1811
 13/12/2025 23:46:06,1,10,15, 13/12/2025 23:46:06.449,DATA,"25.400000,25.500000,25.600000,25.700000,25.800000,25.900000,26.000000,26.100000,26.200000,26.300000",127.0.0.1:46789,0.45,0,0,51,0.2202
 13/12/2025 23:46:07,1,10,16, 13/12/2025 23:46:07.450,DATA,"26.800000,26.900000,27.000000,27.100000,27.200000,27.300000,27.400000,27.500000,27.600000,27.700000",127.0.0.1:46789,0.451,0,0,51,0.1284
 13/12/2025 23:46:09,1,fahrenheit,1, 13/12/2025 23:46:09.558,INIT,,127.0.0.1:39162,0.559,0,0,10,0.0634
 13/12/2025 23:46:09,1,10,2, 13/12/2025 23:46:09.559,DATA,"21116.000000,20.100000,20.200000,20.300000,20489.400000,-34.500000,0.000050,20.700000,20.800000,20.900000",127.0.0.1:39162,0.561,0,0,61,0.0706
 13/12/2025 23:46:10,1,10,3, 13/12/2025 23:46:10.562,DATA,"21.000000,21.100000,21.200000,21.300000,21.400000,21.500000,21.600000,21.700000,21.800000,21.900000",127.0.0.1:39162,0.563,0,0,51,0.1395
 13/12/2025 23:46:11,1,10,4, 13/12/2025 23:46:11.565,DATA,"22.000000,22.100000,22.200000,22.300000,22.400000,22.500000,22.600000,22.700000,22.800000,22.900000",127.0.0.1:39162,0.566,0,0,51,0.2255
 13/12/2025 23:46:12,1,10,5, 13/12/2025 23:46:12.566,DATA,"23.000000,23.100000,23.200000,23.300000,23.400000,23.500000,23.600000,23.700000,23.800000,23.900000",127.0.0.1:39162,0.567,0,0,51,0.1353
 13/12/2025 23:46:13,1,10,6, 13/12/2025 23:46:13.567,DATA,"24.000000,24.100000,24.200000,24.300000,24.400000,24.500000,24.600000,24.700000,24.800000,24.900000",127.0.0.1:39162,0.568,0,0,51,0.0989
 13/12/2025 23:46:14,1,10,7, 13/12/2025 23:46:14.568,DATA,"25.000000,25.100000,25.200000,25.300000,25.400000,25.500000,25.600000,25.700000,25.800000,25.900000",127.0.0.1:39162,0.569,0,0,51,0.0962
 13/12/2025 23:46:15,1,10,8, 13/12/2025 23:46:15.569,DATA,"26.000000,26.100000,26.200000,26.300000,26.800000,26.900000,27.000000,27.100000,27.200000,27.300000",127.0.0.1:39162,0.57,0,0,51,0.1403
 13/12/2025 23:46:16,1,10,9, 13/12/2025 23:46:16.570,DATA,"27.400000,27.500000,27.600000,27.700000,27.800000,27.900000,21116.000000,20.100000,20.200000,20.300000",127.0.0.1:39162,0.571,0,0,56,0.1160
 13/12/2025 23:46:17,1,10,10, 13/12/2025 23:46:17.572,DATA,"20489.400000,-34.500000,0.000050,20.700000,20.800000,20.900000,21.000000,21.100000,21.200000,21.300000",127.0.0.1:39162,0.573,0,0,56,0.1399
 13/12/2025 23:46:18,1,10,11, 13/12/2025 23:46:18.573,DATA,"21.400000,21.500000,21.600000,21.700000,21.800000,21.900000,22.000000,22.100000,22.200000,22.300000",127.0.0.1:39162,0.573,0,0,51,0.1382
 13/12/2025 23:46:19,1,,0, 13/12/2025 23:46:19.569,HEARTBEAT,,127.0.0.1:39162,0.57,0,0,10,0.3613
 13/12/2025 23:46:19,1,10,12, 13/12/2025 23:46:19.574,DATA,"22.400000,22.500000,22.600000,22.700000,22.800000,22.900000,23.000000,23.100000,23.200000,23.300000",127.0.0.1:39162,0.574,0,0,51,0.0683
 13/12/2025 23:46:20,1,10,13, 13/12/2025 23:46:20.574,DATA,"23.400000,23.500000,23.600000,23.700000,23.800000,23.900000,24.000000,24.100000,24.200000,24.300000",127.0.0.1:39162,0.575,0,0,51,0.1334
 13/12/2025 23:46:21,1,10,14, 13/12/2025 23:46:21.575,DATA,"24.400000,24.500000,24.600000,24.700000,24.800000,24.900000,25.000000,25.100000,25.200000,25.300000",127.0.0.1:39162,0.576,0,0,51,0.0905
 13/12/2025 23:46:22,1,10,15, 13/12/2025 23:46:22.576,DATA,"25.400000,25.500000,25.600000,25.700000,25.800000,25.900000,26.000000,26.100000,26.200000,26.300000",127.0.0.1:39162,0.577,0,0,51,0.1380
 13/12/2025 23:46:23,1,10,16, 13/12/2025 23:46:23.577,DATA,"26.800000,26.900000,27.000000,27.100000,27.200000,27.300000,27.400000,27.500000,27.600000,27.700000",127.0.0.1:39162,0.578,0,0,51,0.1428
 13/12/2025 23:46:25,1,fahrenheit,1, 13/12/2025 23:46:25.690,INIT,,127.0.0.1:48176,0.691,0,0,10,0.0781
 13/12/2025 23:46:25,1,10,2, 13/12/2025 23:46:25.691,DATA,"21116.000000,20.100000,20.200000,20.300000,20489.400000,-34.500000,0.000050,20.700000,20.800000,20.900000",127.0.0.1:48176,0.693,0,0,61,0.0750
 13/12/2025 23:46:26,1,10,3, 13/12/2025 23:46:26.693,DATA,"21.000000,21.100000,21.200000,21.300000,21.400000,21.500000,21.600000,21.700000,21.800000,21.900000",127.0.0.1:48176,0.694,0,0,51,0.0995
 13/12/2025 23:46:27,1,10,4, 13/12/2025 23:46:27.696,DATA,"22.000000,22.100000,22.200000,22.300000,22.400000,22.500000,22.600000,22.700000,22.800000,22.900000",127.0.0.1:48176,0.697,0,0,51,0.1352
 13/12/2025 23:46:28,1,10,5, 13/12/2025 23:46:28.700,DATA,"23.000000,23.100000,23.200000,23.300000,23.400000,23.500000,23.600000,23.700000,23.800000,23.900000",127.0.0.1:48176,0.701,0,0,51,0.0967
 13/12/2025 23:46:29,1,10,6, 13/12/2025 23:46:29.704,DATA,"24.000000,24.100000,24.200000,24.300000,24.400000,24.500000,24.600000,24.700000,24.800000,24.900000",127.0.0.1:48176,0.705,0,0,51,0.1373
 13/12/2025 23:46:30,1,10,7, 13/12/2025 23:46:30.707,DATA,"25.000000,25.100000,25.200000,25.300000,25.400000,25.500000,25.600000,25.700000,25.800000,25.900000",127.0.0.1:48176,0.708,0,0,51,0.1409
 13/12/2025 23:46:31,1,10,8, 13/12/2025 23:46:31.712,DATA,"26.000000,26.100000,26.200000,26.300000,26.800000,26.900000,27.000000,27.100000,27.200000,27.300000",127.0.0.1:48176,0.713,0,0,51,0.1374
 13/12/2025 23:46:32,1,10,9, 13/12/2025 23:46:32.717,DATA,"27.400000,27.500000,27.600000,27.700000,27.800000,27.900000,21116.000000,20.100000,20.200000,20.300000",127.0.0.1:48176,0.718,0,0,56,0.1731
 13/12/2025 23:46:33,1,10,10, 13/12/2025 23:46:33.722,DATA,"20489.400000,-34.500000,0.000050,20.700000,20.800000,20.900000,21.000000,21.100000,21.200000,21.300000",127.0.0.1:48176,0.723,0,0,56,0.1151
 13/12/2025 23:46:34,1,10,11, 13/12/2025 23:46:34.725,DATA,"21.400000,21.500000,21.600000,21.700000,21.800000,21.900000,22.000000,22.100000,22.200000,22.300000",127.0.0.1:48176,0.726,0,0,51,0.1518
 13/12/2025 23:46:35,1,,0, 13/12/2025 23:46:35.701,HEARTBEAT,,127.0.0.1:48176,0.702,0,0,10,0.3790
 13/12/2025 23:46:35,1,10,12, 13/12/2025 23:46:35.731,DATA,"22.400000,22.500000,22.600000,22.700000,22.800000,22.900000,23.000000,23.100000,23.200000,23.300000",127.0.0.1:48176,0.732,0,0,51,0.1008
 13/12/2025 23:46:36,1,10,13, 13/12/2025 23:46:36.737,DATA,"23.400000,23.500000,23.600000,23.700000,23.800000,23.900000,24.000000,24.100000,24.200000,24.300000",127.0.0.1:48176,0.738,0,0,51,0.1455
 13/12/2025 23:46:37,1,10,14, 13/12/2025 23:46:37.742,DATA,"24.400000,24.500000,24.600000,24.700000,24.800000,24.900000,25.000000,25.100000,25.200000,25.300000",127.0.0.1:48176,0.743,0,0,51,0.0893
 13/12/2025 23:46:38,1,10,15, 13/12/2025 23:46:38.746,DATA,"25.400000,25.500000,25.600000,25.700000,25.800000,25.900000,26.000000,26.100000,26.200000,26.300000",127.0.0.1:48176,0.747,0,0,51,0.1396
 13/12/2025 23:46:39,1,10,16, 13/12/2025 23:46:39.752,DATA,"26.800000,26.900000,27.000000,27.100000,27.200000,27.300000,27.400000,27.500000,27.600000,27.700000",127.0.0.1:48176,0.753,0,0,51,0.1602
 13/12/2025 23:46:41,1,fahrenheit,1, 13/12/2025 23:46:41.864,INIT,,127.0.0.1:38437,0.865,0,0,10,0.0887
 13/12/2025 23:46:41,1,10,2, 13/12/2025 23:46:41.865,DATA,"21116.000000,20.100000,20.200000,20.300000,20489.400000,-34.500000,0.000050,20.700000,20.800000,20.900000",127.0.0.1:38437,0.867,0,0,61,0.0727
 13/12/2025 23:46:42,1,10,3, 13/12/2025 23:46:42.869,DATA,"21.000000,21.100000,21.200000,21.300000,21.400000,21.500000,21.600000,21.700000,21.800000,21.900000",127.0.0.1:38437,0.87,0,0,51,0.0950
 13/12/2025 23:46:43,1,10,4, 13/12/2025 23:46:43.875,DATA,"22.000000,22.100000,22.200000,22.300000,22.400000,22.500000,22.600000,22.700000,22.800000,22.900000",127.0.0.1:38437,0.876,0,0,51,0.1284
 13/12/2025 23:46:44,1,10,5, 13/12/2025 23:46:44.879,DATA,"23.000000,23.100000,23.200000,23.300000,23.400000,23.500000,23.600000,23.700000,23.800000,23.900000",127.0.0.1:38437,0.879,0,0,51,0.1582
 13/12/2025 23:46:45,1,10,6, 13/12/2025 23:46:45.880,DATA,"24.000000,24.100000,24.200000,24.300000,24.400000,24.500000,24.600000,24.700000,24.800000,24.900000",127.0.0.1:38437,0.88,0,0,51,0.1382
 13/12/2025 23:46:46,1,10,7, 13/12/2025 23:46:46.880,DATA,"25.000000,25.100000,25.200000,25.300000,25.400000,25.500000,25.600000,25.700000,25.800000,25.900000",127.0.0.1:38437,0.881,0,0,51,0.0917
 13/12/2025 23:46:47,1,10,8, 13/12/2025 23:46:47.881,DATA,"26.000000,26.100000,26.200000,26.300000,26.800000,26.900000,27.000000,27.100000,27.200000,27.300000",127.0.0.1:38437,0.882,0,0,51,0.1408
 13/12/2025 23:46:48,1,10,9, 13/12/2025 23:46:48.882,DATA,"27.400000,27.500000,27.600000,27.700000,27.800000,27.900000,21116.000000,20.100000,20.200000,20.300000",127.0.0.1:38437,0.883,0,0,56,0.0886
 13/12/2025 23:46:49,1,10,10, 13/12/2025 23:46:49.883,DATA,"20489.400000,-34.500000,0.000050,20.700000,20.800000,20.900000,21.000000,21.100000,21.200000,21.300000",127.0.0.1:38437,0.884,0,0,56,0.0905
 13/12/2025 23:46:50,1,10,11, 13/12/2025 23:46:50.884,DATA,"21.400000,21.500000,21.600000,21.700000,21.800000,21.900000,22.000000,22.100000,22.200000,22.300000",127.0.0.1:38437,0.885,0,0,51,0.1234
 13/12/2025 23:46:51,1,,0, 13/12/2025 23:46:51.874,HEARTBEAT,,127.0.0.1:38437,0.875,0,0,10,0.4512
 13/12/2025 23:46:51,1,10,12, 13/12/2025 23:46:51.886,DATA,"22.400000,22.500000,22.600000,22.700000,22.800000,22.900000,23.000000,23.100000,23.200000,23.300000",127.0.0.1:38437,0.886,0,0,51,0.1096
 13/12/2025 23:46:52,1,10,13, 13/12/2025 23:46:52.887,DATA,"23.400000,23.500000,23.600000,23.700000,23.800000,23.900000,24.000000,24.100000,24.200000,24.300000",127.0.0.1:38437,0.887,0,0,51,0.0969
 13/12/2025 23:46:53,1,10,14, 13/12/2025 23:46:53.888,DATA,"24.400000,24.500000,24.600000,24.700000,24.800000,24.900000,25.000000,25.100000,25.200000,25.300000",127.0.0.1:38437,0.889,0,0,51,0.1299
 13/12/2025 23:46:54,1,10,15, 13/12/2025 23:46:54.888,DATA,"25.400000,25.500000,25.600000,25.700000,25.800000,25.900000,26.000000,26.100000,26.200000,26.300000",127.0.0.1:38437,0.889,0,0,51,0.1002
 13/12/2025 23:46:55,1,10,16, 13/12/2025 23:46:55.889,DATA,"26.800000,26.900000,27.000000,27.100000,27.200000,27.300000,27.400000,27.500000,27.600000,27.700000",127.0.0.1:38437,0.89,0,0,51,0.1344
 13/12/2025 23:46:57,1,fahrenheit,1, 13/12/2025 23:46:57.994,INIT,,127.0.0.1:41277,0.995,0,0,10,0.0655
 13/12/2025 23:46:57,1,10,2, 13/12/2025 23:46:57.994,DATA,"21116.000000,20.100000,20.200000,20.300000,20489.400000,-34.500000,0.000050,20.700000,20.800000,20.900000",127.0.0.1:41277,0.996,0,0,61,0.0733
 13/12/2025 23:46:58,1,10,3, 13/12/2025 23:46:58.995,DATA,"21.000000,21.100000,21.200000,21.300000,21.400000,21.500000,21.600000,21.700000,21.800000,21.900000",127.0.0.1:41277,0.996,0,0,51,0.1126
 13/12/2025 23:46:59,1,10,4, 13/12/2025 23:46:59.996,DATA,"22.000000,22.100000,22.200000,22.300000,22.400000,22.500000,22.600000,22.700000,22.800000,22.900000",127.0.0.1:41277,0.997,0,0,51,0.1049
 13/12/2025 23:47:00,1,10,5, 13/12/2025 23:47:00.997,DATA,"23.000000,23.100000,23.200000,23.300000,23.400000,23.500000,23.600000,23.700000,23.800000,23.900000",127.0.0.1:41277,0.999,0,0,51,0.1505
 13/12/2025 23:47:02,1,10,6, 13/12/2025 23:47:02.001,DATA,"24.000000,24.100000,24.200000,24.300000,24.400000,24.500000,24.600000,24.700000,24.800000,24.900000",127.0.0.1:41277,0.002,0,0,51,0.0945
 13/12/2025 23:47:03,1,10,7, 13/12/2025 23:47:03.005,DATA,"25.000000,25.100000,25.200000,25.300000,25.400000,25.500000,25.600000,25.700000,25.800000,25.900000",127.0.0.1:41277,0.006,0,0,51,0.1015
 13/12/2025 23:47:04,1,10,8, 13/12/2025 23:47:04.009,DATA,"26.000000,26.100000,26.200000,26.300000,26.800000,26.900000,27.000000,27.100000,27.200000,27.300000",127.0.0.1:41277,0.01,0,0,51,0.1169
 13/12/2025 23:47:05,1,10,9, 13/12/2025 23:47:05.014,DATA,"27.400000,27.500000,27.600000,27.700000,27.800000,27.900000,21116.000000,20.100000,20.200000,20.300000",127.0.0.1:41277,0.015,0,0,56,0.0923
 13/12/2025 23:47:06,1,10,10, 13/12/2025 23:47:06.019,DATA,"20489.400000,-34.500000,0.000050,20.700000,20.800000,20.900000,21.000000,21.100000,21.200000,21.300000",127.0.0.1:41277,0.02,0,0,56,0.1427
 13/12/2025 23:47:07,1,10,11, 13/12/2025 23:47:07.023,DATA,"21.400000,21.500000,21.600000,21.700000,21.800000,21.900000,22.000000,22.100000,22.200000,22.300000",127.0.0.1:41277,0.024,0,0,51,0.1356
 13/12/2025 23:47:08,1,,0, 13/12/2025 23:47:08.008,HEARTBEAT,,127.0.0.1:41277,0.009,0,0,10,0.5091
 13/12/2025 23:47:08,1,10,12, 13/12/2025 23:47:08.025,DATA,"22.400000,22.500000,22.600000,22.700000,22.800000,22.900000,23.000000,23.100000,23.200000,23.300000",127.0.0.1:41277,0.026,0,0,51,0.0701
 13/12/2025 23:47:09,1,10,13, 13/12/2025 23:47:09.030,DATA,"23.400000,23.500000,23.600000,23.700000,23.800000,23.900000,24.000000,24.100000,24.200000,24.300000",127.0.0.1:41277,0.031,0,0,51,0.0978
 13/12/2025 23:47:10,1,10,14, 13/12/2025 23:47:10.036,DATA,"24.400000,24.500000,24.600000,24.700000,24.800000,24.900000,25.000000,25.100000,25.200000,25.300000",127.0.0.1:41277,0.036,0,0,51,0.1393
 13/12/2025 23:47:11,1,10,15, 13/12/2025 23:47:11.040,DATA,"25.400000,25.500000,25.600000,25.700000,25.800000,25.900000,26.000000,26.100000,26.200000,26.300000",127.0.0.1:41277,0.041,0,0,51,0.1368
 13/12/2025 23:47:12,1,10,16, 13/12/2025 23:47:12.046,DATA,"26.800000,26.900000,27.000000,27.100000,27.200000,27.300000,27.400000,27.500000,27.600000,27.700000",127.0.0.1:41277,0.047,0,0,51,0.1399
 13/12/2025 23:49:31,1,fahrenheit,1, 13/12/2025 23:49:31.707,INIT,,127.0.0.1:56856,0.708,0,0,10,0.0673
 13/12/2025 23:49:31,1,10,2, 13/12/2025 23:49:31.708,DATA,"21116.000000,20.100000,20.200000,20.300000,20489.400000,-34.500000,0.000050,20.700000,20.800000,20.900000",127.0.0.1:56856,0.711,0,0,61,0.1833
 13/12/2025 23:49:32,1,10,3, 13/12/2025 23:49:32.709,DATA,"21.000000,21.100000,21.200000,21.300000,21.400000,21.500000,21.600000,21.700000,21.800000,21.900000",127.0.0.1:56856,0.71,0,0,51,0.1058
 13/12/2025 23:49:33,1,10,4, 13/12/2025 23:49:33.710,DATA,"22.000000,22.100000,22.200000,22.300000,22.400000,22.500000,22.600000,22.700000,22.800000,22.900000",127.0.0.1:56856,0.711,0,0,51,0.1621
 13/12/2025 23:49:34,1,10,5, 13/12/2025 23:49:34.711,DATA,"23.000000,23.100000,23.200000,23.300000,23.400000,23.500000,23.600000,23.700000,23.800000,23.900000",127.0.0.1:56856,0.712,0,0,51,0.1318
 13/12/2025 23:49:35,1,10,6, 13/12/2025 23:49:35.712,DATA,"24.000000,24.100000,24.200000,24.300000,24.400000,24.500000,24.600000,24.700000,24.800000,24.900000",127.0.0.1:56856,0.713,0,0,51,0.0935
 13/12/2025 23:49:36,1,10,7, 13/12/2025 23:49:36.712,DATA,"25.000000,25.100000,25.200000,25.300000,25.400000,25.500000,25.600000,25.700000,25.800000,25.900000",127.0.0.1:56856,0.713,0,0,51,0.0990
 13/12/2025 23:49:37,1,10,8, 13/12/2025 23:49:37.714,DATA,"26.000000,26.100000,26.200000,26.300000,26.800000,26.900000,27.000000,27.100000,27.200000,27.300000",127.0.0.1:56856,0.715,0,0,51,0.1639
 13/12/2025 23:49:38,1,10,9, 13/12/2025 23:49:38.716,DATA,"27.400000,27.500000,27.600000,27.700000,27.800000,27.900000,21116.000000,20.100000,20.200000,20.300000",127.0.0.1:56856,0.717,0,0,56,0.0983
 13/12/2025 23:49:39,1,10,10, 13/12/2025 23:49:39.718,DATA,"20489.400000,-34.500000,0.000050,20.700000,20.800000,20.900000,21.000000,21.100000,21.200000,21.300000",127.0.0.1:56856,0.719,0,0,56,0.1350
 13/12/2025 23:49:40,1,10,11, 13/12/2025 23:49:40.721,DATA,"21.400000,21.500000,21.600000,21.700000,21.800000,21.900000,22.000000,22.100000,22.200000,22.300000",127.0.0.1:56856,0.722,0,0,51,0.1002
 13/12/2025 23:49:41,1,,0, 13/12/2025 23:49:41.720,HEARTBEAT,,127.0.0.1:56856,0.721,0,0,10,0.3851
 13/12/2025 23:49:41,1,10,12, 13/12/2025 23:49:41.724,DATA,"22.400000,22.500000,22.600000,22.700000,22.800000,22.900000,23.000000,23.100000,23.200000,23.300000",127.0.0.1:56856,0.725,0,0,51,0.0705
 13/12/2025 23:49:42,1,10,13, 13/12/2025 23:49:42.727,DATA,"23.400000,23.500000,23.600000,23.700000,23.800000,23.900000,24.000000,24.100000,24.200000,24.300000",127.0.0.1:56856,0.728,0,0,51,0.1139
 13/12/2025 23:49:43,1,10,14, 13/12/2025 23:49:43.731,DATA,"24.400000,24.500000,24.600000,24.700000,24.800000,24.900000,25.000000,25.100000,25.200000,25.300000",127.0.0.1:56856,0.732,0,0,51,0.0902
 13/12/2025 23:49:44,1,10,15, 13/12/2025 23:49:44.735,DATA,"25.400000,25.500000,25.600000,25.700000,25.800000,25.900000,26.000000,26.100000,26.200000,26.300000",127.0.0.1:56856,0.735,0,0,51,0.1232
 13/12/2025 23:49:45,1,10,16, 13/12/2025 23:49:45.739,DATA,"26.800000,26.900000,27.000000,27.100000,27.200000,27.300000,27.400000,27.500000,27.600000,27.700000",127.0.0.1:56856,0.74,0,0,51,0.1341
 13/12/2025 23:49:47,1,fahrenheit,1, 13/12/2025 23:49:47.846,INIT,,127.0.0.1:60245,0.847,0,0,10,0.0796
 13/12/2025 23:49:47,1,10,2, 13/12/2025 23:49:47.847,DATA,"21116.000000,20.100000,20.200000,20.300000,20489.400000,-34.500000,0.000050,20.700000,20.800000,20.900000",127.0.0.1:60245,0.849,0,0,61,0.0812
 13/12/2025 23:49:48,1,10,3, 13/12/2025 23:49:48.852,DATA,"21.000000,21.100000,21.200000,21.300000,21.400000,21.500000,21.600000,21.700000,21.800000,21.900000",127.0.0.1:60245,0.853,0,0,51,0.0900
 13/12/2025 23:49:49,1,10,4, 13/12/2025 23:49:49.857,DATA,"22.000000,22.100000,22.200000,22.300000,22.400000,22.500000,22.600000,22.700000,22.800000,22.900000",127.0.0.1:60245,0.858,0,0,51,0.1645
 13/12/2025 23:49:50,1,10,5, 13/12/2025 23:49:50.862,DATA,"23.000000,23.100000,23.200000,23.300000,23.400000,23.500000,23.600000,23.700000,23.800000,23.900000",127.0.0.1:60245,0.862,0,0,51,0.0911
 13/12/2025 23:49:51,1,10,6, 13/12/2025 23:49:51.863,DATA,"24.000000,24.100000,24.200000,24.300000,24.400000,24.500000,24.600000,24.700000,24.800000,24.900000",127.0.0.1:60245,0.864,0,0,51,0.1128
 13/12/2025 23:49:52,1,10,7, 13/12/2025 23:49:52.868,DATA,"25.000000,25.100000,25.200000,25.300000,25.400000,25.500000,25.600000,25.700000,25.800000,25.900000",127.0.0.1:60245,0.869,0,0,51,0.1113
 13/12/2025 23:49:53,1,10,8, 13/12/2025 23:49:53.874,DATA,"26.000000,26.100000,26.200000,26.300000,26.800000,26.900000,27.000000,27.100000,27.200000,27.300000",127.0.0.1:60245,0.875,0,0,51,0.1251
 13/12/2025 23:49:54,1,10,9, 13/12/2025 23:49:54.879,DATA,"27.400000,27.500000,27.600000,27.700000,27.800000,27.900000,21116.000000,20.100000,20.200000,20.300000",127.0.0.1:60245,0.88,0,0,56,0.1743
 13/12/2025 23:49:55,1,10,10, 13/12/2025 23:49:55.885,DATA,"20489.400000,-34.500000,0.000050,20.700000,20.800000,20.900000,21.000000,21.100000,21.200000,21.300000",127.0.0.1:60245,0.886,0,0,56,0.0912
 13/12/2025 23:49:56,1,10,11, 13/12/2025 23:49:56.891,DATA,"21.400000,21.500000,21.600000,21.700000,21.800000,21.900000,22.000000,22.100000,22.200000,22.300000",127.0.0.1:60245,0.892,0,0,51,0.1324
 13/12/2025 23:49:57,1,,0, 13/12/2025 23:49:57.857,HEARTBEAT,,127.0.0.1:60245,0.858,0,0,10,0.6747
 13/12/2025 23:49:57,1,10,12, 13/12/2025 23:49:57.896,DATA,"22.400000,22.500000,22.600000,22.700000,22.800000,22.900000,23.000000,23.100000,23.200000,23.300000",127.0.0.1:60245,0.897,0,0,51,0.1380
 13/12/2025 23:49:58,1,10,13, 13/12/2025 23:49:58.897,DATA,"23.400000,23.500000,23.600000,23.700000,23.800000,23.900000,24.000000,24.100000,24.200000,24.300000",127.0.0.1:60245,0.898,0,0,51,0.1318
 13/12/2025 23:49:59,1,10,14, 13/12/2025 23:49:59.898,DATA,"24.400000,24.500000,24.600000,24.700000,24.800000,24.900000,25.000000,25.100000,25.200000,25.300000",127.0.0.1:60245,0.899,0,0,51,0.0981
 13/12/2025 23:50:00,1,10,15, 13/12/2025 23:50:00.899,DATA,"25.400000,25.500000,25.600000,25.700000,25.800000,25.900000,26.000000,26.100000,26.200000,26.300000",127.0.0.1:60245,0.9,0,0,51,0.1355
 13/12/2025 23:50:01,1,10,16, 13/12/2025 23:50:01.900,DATA,"26.800000,26.900000,27.000000,27.100000,27.200000,27.300000,27.400000,27.500000,27.600000,27.700000",127.0.0.1:60245,0.901,0,0,51,0.1269
 13/12/2025 23:50:04,1,fahrenheit,1, 13/12/2025 23:50:04.011,INIT,,127.0.0.1:54989,0.012,0,0,10,0.0624
 13/12/2025 23:50:04,1,10,2, 13/12/2025 23:50:04.011,DATA,"21116.000000,20.100000,20.200000,20.300000,20489.400000,-34.500000,0.000050,20.700000,20.800000,20.900000",127.0.0.1:54989,0.013,0,0,61,0.0721
 13/12/2025 23:50:05,1,10,3, 13/12/2025 23:50:05.012,DATA,"21.000000,21.100000,21.200000,21.300000,21.400000,21.500000,21.600000,21.700000,21.800000,21.900000",127.0.0.1:54989,0.013,0,0,51,0.1380
 13/12/2025 23:50:06,1,10,4, 13/12/2025 23:50:06.014,DATA,"22.000000,22.100000,22.200000,22.300000,22.400000,22.500000,22.600000,22.700000,22.800000,22.900000",127.0.0.1:54989,0.015,0,0,51,0.1755
 13/12/2025 23:50:07,1,10,5, 13/12/2025 23:50:07.015,DATA,"23.000000,23.100000,23.200000,23.300000,23.400000,23.500000,23.600000,23.700000,23.800000,23.900000",127.0.0.1:54989,0.015,0,0,51,0.0877
 13/12/2025 23:50:08,1,10,6, 13/12/2025 23:50:08.015,DATA,"24.000000,24.100000,24.200000,24.300000,24.400000,24.500000,24.600000,24.700000,24.800000,24.900000",127.0.0.1:54989,0.016,0,0,51,0.0924
 13/12/2025 23:50:09,1,10,7, 13/12/2025 23:50:09.016,DATA,"25.000000,25.100000,25.200000,25.300000,25.400000,25.500000,25.600000,25.700000,25.800000,25.900000",127.0.0.1:54989,0.016,0,0,51,0.1354
 13/12/2025 23:50:10,1,10,8, 13/12/2025 23:50:10.017,DATA,"26.000000,26.100000,26.200000,26.300000,26.800000,26.900000,27.000000,27.100000,27.200000,27.300000",127.0.0.1:54989,0.018,0,0,51,0.1328
 13/12/2025 23:50:11,1,10,9, 13/12/2025 23:50:11.019,DATA,"27.400000,27.500000,27.600000,27.700000,27.800000,27.900000,21116.000000,20.100000,20.200000,20.300000",127.0.0.1:54989,0.02,0,0,56,0.1376
 13/12/2025 23:50:12,1,10,10, 13/12/2025 23:50:12.021,DATA,"20489.400000,-34.500000,0.000050,20.700000,20.800000,20.900000,21.000000,21.100000,21.200000,21.300000",127.0.0.1:54989,0.022,0,0,56,0.2085
 13/12/2025 23:50:13,1,10,11, 13/12/2025 23:50:13.024,DATA,"21.400000,21.500000,21.600000,21.700000,21.800000,21.900000,22.000000,22.100000,22.200000,22.300000",127.0.0.1:54989,0.025,0,0,51,0.1396
 13/12/2025 23:50:14,1,10,12, 13/12/2025 23:50:14.028,DATA,"22.400000,22.500000,22.600000,22.700000,22.800000,22.900000,23.000000,23.100000,23.200000,23.300000",127.0.0.1:54989,0.029,0,0,51,0.1127
 13/12/2025 23:50:14,1,,0, 13/12/2025 23:50:14.028,HEARTBEAT,,127.0.0.1:54989,0.031,0,0,10,0.2652
 13/12/2025 23:50:15,1,10,13, 13/12/2025 23:50:15.032,DATA,"23.400000,23.500000,23.600000,23.700000,23.800000,23.900000,24.000000,24.100000,24.200000,24.300000",127.0.0.1:54989,0.033,0,0,51,0.1400
 13/12/2025 23:50:16,1,10,14, 13/12/2025 23:50:16.036,DATA,"24.400000,24.500000,24.600000,24.700000,24.800000,24.900000,25.000000,25.100000,25.200000,25.300000",127.0.0.1:54989,0.037,0,0,51,0.1389
 13/12/2025 23:50:17,1,10,15, 13/12/2025 23:50:17.040,DATA,"25.400000,25.500000,25.600000,25.700000,25.800000,25.900000,26.000000,26.100000,26.200000,26.300000",127.0.0.1:54989,0.041,0,0,51,0.1314
 13/12/2025 23:50:18,1,10,16, 13/12/2025 23:50:18.045,DATA,"26.800000,26.900000,27.000000,27.100000,27.200000,27.300000,27.400000,27.500000,27.600000,27.700000",127.0.0.1:54989,0.046,0,0,51,0.1317
 13/12/2025 23:50:20,1,fahrenheit,1, 13/12/2025 23:50:20.169,INIT,,127.0.0.1:50488,0.169,0,0,10,0.0596
 13/12/2025 23:50:20,1,10,2, 13/12/2025 23:50:20.169,DATA,"21116.000000,20.100000,20.200000,20.300000,20489.400000,-34.500000,0.000050,20.700000,20.800000,20.900000",127.0.0.1:50488,0.171,0,0,61,0.0782
 13/12/2025 23:50:21,1,10,3, 13/12/2025 23:50:21.172,DATA,"21.000000,21.100000,21.200000,21.300000,21.400000,21.500000,21.600000,21.700000,21.800000,21.900000",127.0.0.1:50488,0.172,0,0,51,0.1368
 13/12/2025 23:50:22,1,10,4, 13/12/2025 23:50:22.174,DATA,"22.000000,22.100000,22.200000,22.300000,22.400000,22.500000,22.600000,22.700000,22.800000,22.900000",127.0.0.1:50488,0.175,0,0,51,0.1364
 13/12/2025 23:50:23,1,10,5, 13/12/2025 23:50:23.176,DATA,"23.000000,23.100000,23.200000,23.300000,23.400000,23.500000,23.600000,23.700000,23.800000,23.900000",127.0.0.1:50488,0.177,0,0,51,0.1288
 13/12/2025 23:50:24,1,10,6, 13/12/2025 23:50:24.179,DATA,"24.000000,24.100000,24.200000,24.300000,24.400000,24.500000,24.600000,24.700000,24.800000,24.900000",127.0.0.1:50488,0.18,0,0,51,0.1375
 13/12/2025 23:50:25,1,10,7, 13/12/2025 23:50:25.181,DATA,"25.000000,25.100000,25.200000,25.300000,25.400000,25.500000,25.600000,25.700000,25.800000,25.900000",127.0.0.1:50488,0.182,0,0,51,0.0962
 13/12/2025 23:50:26,1,10,8, 13/12/2025 23:50:26.182,DATA,"26.000000,26.100000,26.200000,26.300000,26.800000,26.900000,27.000000,27.100000,27.200000,27.300000",127.0.0.1:50488,0.183,0,0,51,0.1372
 13/12/2025 23:50:27,1,10,9, 13/12/2025 23:50:27.184,DATA,"27.400000,27.500000,27.600000,27.700000,27.800000,27.900000,21116.000000,20.100000,20.200000,20.300000",127.0.0.1:50488,0.185,0,0,56,0.1115
 13/12/2025 23:50:28,1,10,10, 13/12/2025 23:50:28.186,DATA,"20489.400000,-34.500000,0.000050,20.700000,20.800000,20.900000,21.000000,21.100000,21.200000,21.300000",127.0.0.1:50488,0.187,0,0,56,0.1353
 13/12/2025 23:50:29,1,10,11, 13/12/2025 23:50:29.187,DATA,"21.400000,21.500000,21.600000,21.700000,21.800000,21.900000,22.000000,22.100000,22.200000,22.300000",127.0.0.1:50488,0.188,0,0,51,0.1368
 13/12/2025 23:50:30,1,,0, 13/12/2025 23:50:30.175,HEARTBEAT,,127.0.0.1:50488,0.176,0,0,10,0.4548
 13/12/2025 23:50:30,1,10,12, 13/12/2025 23:50:30.188,DATA,"22.400000,22.500000,22.600000,22.700000,22.800000,22.900000,23.000000,23.100000,23.200000,23.300000",127.0.0.1:50488,0.189,0,0,51,0.1019
 13/12/2025 23:50:31,1,10,13, 13/12/2025 23:50:31.188,DATA,"23.400000,23.500000,23.600000,23.700000,23.800000,23.900000,24.000000,24.100000,24.200000,24.300000",127.0.0.1:50488,0.189,0,0,51,0.1301
 13/12/2025 23:50:32,1,10,14, 13/12/2025 23:50:32.189,DATA,"24.400000,24.500000,24.600000,24.700000,24.800000,24.900000,25.000000,25.100000,25.200000,25.300000",127.0.0.1:50488,0.19,0,0,51,0.2045
 13/12/2025 23:50:33,1,10,15, 13/12/2025 23:50:33.190,DATA,"25.400000,25.500000,25.600000,25.700000,25.800000,25.900000,26.000000,26.100000,26.200000,26.300000",127.0.0.1:50488,0.191,0,0,51,0.1375
 13/12/2025 23:50:34,1,10,16, 13/12/2025 23:50:34.191,DATA,"26.800000,26.900000,27.000000,27.100000,27.200000,27.300000,27.400000,27.500000,27.600000,27.700000",127.0.0.1:50488,0.192,0,0,51,0.0946
 13/12/2025 23:50:36,1,fahrenheit,1, 13/12/2025 23:50:36.302,INIT,,127.0.0.1:58908,0.302,0,0,10,0.0646
 13/12/2025 23:50:36,1,10,2, 13/12/2025 23:50:36.302,DATA,"21116.000000,20.100000,20.200000,20.300000,20489.400000,-34.500000,0.000050,20.700000,20.800000,20.900000",127.0.0.1:58908,0.304,0,0,61,0.0602
 13/12/2025 23:50:37,1,10,3, 13/12/2025 23:50:37.303,DATA,"21.000000,21.100000,21.200000,21.300000,21.400000,21.500000,21.600000,21.700000,21.800000,21.900000",127.0.0.1:58908,0.304,0,0,51,0.1359
 13/12/2025 23:50:38,1,10,4, 13/12/2025 23:50:38.304,DATA,"22.000000,22.100000,22.200000,22.300000,22.400000,22.500000,22.600000,22.700000,22.800000,22.900000",127.0.0.1:58908,0.305,0,0,51,0.0880
 13/12/2025 23:50:39,1,10,5, 13/12/2025 23:50:39.305,DATA,"23.000000,23.100000,23.200000,23.300000,23.400000,23.500000,23.600000,23.700000,23.800000,23.900000",127.0.0.1:58908,0.306,0,0,51,0.1278
 13/12/2025 23:50:40,1,10,6, 13/12/2025 23:50:40.306,DATA,"24.000000,24.100000,24.200000,24.300000,24.400000,24.500000,24.600000,24.700000,24.800000,24.900000",127.0.0.1:58908,0.307,0,0,51,0.1374
 13/12/2025 23:50:41,1,10,7, 13/12/2025 23:50:41.307,DATA,"25.000000,25.100000,25.200000,25.300000,25.400000,25.500000,25.600000,25.700000,25.800000,25.900000",127.0.0.1:58908,0.308,0,0,51,0.1343
 13/12/2025 23:50:42,1,10,8, 13/12/2025 23:50:42.308,DATA,"26.000000,26.100000,26.200000,26.300000,26.800000,26.900000,27.000000,27.100000,27.200000,27.300000",127.0.0.1:58908,0.309,0,0,51,0.2024
 13/12/2025 23:50:43,1,10,9, 13/12/2025 23:50:43.310,DATA,"27.400000,27.500000,27.600000,27.700000,27.800000,27.900000,21116.000000,20.100000,20.200000,20.300000",127.0.0.1:58908,0.311,0,0,56,0.1625
 13/12/2025 23:50:44,1,10,10, 13/12/2025 23:50:44.312,DATA,"20489.400000,-34.500000,0.000050,20.700000,20.800000,20.900000,21.000000,21.100000,21.200000,21.300000",127.0.0.1:58908,0.313,0,0,56,0.0945
 13/12/2025 23:50:45,1,10,11, 13/12/2025 23:50:45.315,DATA,"21.400000,21.500000,21.600000,21.700000,21.800000,21.900000,22.000000,22.100000,22.200000,22.300000",127.0.0.1:58908,0.316,0,0,51,0.0891
 13/12/2025 23:50:46,1,,0, 13/12/2025 23:50:46.312,HEARTBEAT,,127.0.0.1:58908,0.314,0,0,10,0.4371
 13/12/2025 23:50:46,1,10,12, 13/12/2025 23:50:46.317,DATA,"22.400000,22.500000,22.600000,22.700000,22.800000,22.900000,23.000000,23.100000,23.200000,23.300000",127.0.0.1:58908,0.318,0,0,51,0.1022
 13/12/2025 23:50:47,1,10,13, 13/12/2025 23:50:47.321,DATA,"23.400000,23.500000,23.600000,23.700000,23.800000,23.900000,24.000000,24.100000,24.200000,24.300000",127.0.0.1:58908,0.322,0,0,51,0.1583
 13/12/2025 23:50:48,1,10,14, 13/12/2025 23:50:48.325,DATA,"24.400000,24.500000,24.600000,24.700000,24.800000,24.900000,25.000000,25.100000,25.200000,25.300000",127.0.0.1:58908,0.326,0,0,51,0.0917
 13/12/2025 23:50:49,1,10,15, 13/12/2025 23:50:49.329,DATA,"25.400000,25.500000,25.600000,25.700000,25.800000,25.900000,26.000000,26.100000,26.200000,26.300000",127.0.0.1:58908,0.331,0,0,51,0.1581
 13/12/2025 23:50:50,1,10,16, 13/12/2025 23:50:50.331,DATA,"26.800000,26.900000,27.000000,27.100000,27.200000,27.300000,27.400000,27.500000,27.600000,27.700000",127.0.0.1:58908,0.332,0,0,51,0.1358
 22/12/2025 22:05:51,1,fahrenheit,1, 22/12/2025 22:05:51.647,INIT,,127.0.0.1:55438,0.65,0,0,10,0.4969
 22/12/2025 22:05:51,1,10,2, 22/12/2025 22:05:51.650,DATA,"21116.000000,20.100000,20.200000,20.300000,20489.400000,-34.500000,0.000050,20.700000,20.800000,20.900000",127.0.0.1:55438,0.657,0,0,61,0.1856
 22/12/2025 22:05:52,1,10,3, 22/12/2025 22:05:52.650,DATA,"21.000000,21.100000,21.200000,21.300000,21.400000,21.500000,21.600000,21.700000,21.800000,21.900000",127.0.0.1:55438,0.651,0,0,51,0.2607
 22/12/2025 22:05:53,1,10,4, 22/12/2025 22:05:53.650,DATA,"22.000000,22.100000,22.200000,22.300000,22.400000,22.500000,22.600000,22.700000,22.800000,22.900000",127.0.0.1:55438,0.651,0,0,51,0.1615
 22/12/2025 22:05:54,1,10,5, 22/12/2025 22:05:54.651,DATA,"23.000000,23.100000,23.200000,23.300000,23.400000,23.500000,23.600000,23.700000,23.800000,23.900000",127.0.0.1:55438,0.652,0,0,51,0.1324
 22/12/2025 22:05:55,1,10,6, 22/12/2025 22:05:55.651,DATA,"24.000000,24.100000,24.200000,24.300000,24.400000,24.500000,24.600000,24.700000,24.800000,24.900000",127.0.0.1:55438,0.652,0,0,51,0.2360
 22/12/2025 22:05:56,1,10,7, 22/12/2025 22:05:56.651,DATA,"25.000000,25.100000,25.200000,25.300000,25.400000,25.500000,25.600000,25.700000,25.800000,25.900000",127.0.0.1:55438,0.652,0,0,51,0.1737
 22/12/2025 22:05:57,1,10,8, 22/12/2025 22:05:57.651,DATA,"26.000000,26.100000,26.200000,26.300000,26.800000,26.900000,27.000000,27.100000,27.200000,27.300000",127.0.0.1:55438,0.652,0,0,51,0.1626
 22/12/2025 22:05:58,1,10,9, 22/12/2025 22:05:58.651,DATA,"27.400000,27.500000,27.600000,27.700000,27.800000,27.900000,21116.000000,20.100000,20.200000,20.300000",127.0.0.1:55438,0.652,0,0,56,0.1951
 22/12/2025 22:05:59,1,10,10, 22/12/2025 22:05:59.652,DATA,"20489.400000,-34.500000,0.000050,20.700000,20.800000,20.900000,21.000000,21.100000,21.200000,21.300000",127.0.0.1:55438,0.653,0,0,56,0.1557
 22/12/2025 22:06:00,1,10,11, 22/12/2025 22:06:00.652,DATA,"21.400000,21.500000,21.600000,21.700000,21.800000,21.900000,22.000000,22.100000,22.200000,22.300000",127.0.0.1:55438,0.653,0,0,51,0.1314
 22/12/2025 22:06:01,1,,0, 22/12/2025 22:06:01.650,HEARTBEAT,,127.0.0.1:55438,0.652,0,0,10,0.7876
 22/12/2025 22:06:01,1,10,12, 22/12/2025 22:06:01.652,DATA,"22.400000,22.500000,22.600000,22.700000,22.800000,22.900000,23.000000,23.100000,23.200000,23.300000",127.0.0.1:55438,0.658,0,0,51,0.1486
 22/12/2025 22:06:11,1,,0, 22/12/2025 22:06:11.651,HEARTBEAT,,127.0.0.1:55438,0.653,0,0,10,0.9028
 22/12/2025 22:06:13,1,fahrenheit,1, 22/12/2025 22:06:13.066,INIT,,127.0.0.1:58100,0.067,0,0,10,0.1897
 22/12/2025 22:06:13,1,10,2, 22/12/2025 22:06:13.068,DATA,"21116.000000,20.100000,20.200000,20.300000,20489.400000,-34.500000,0.000050,20.700000,20.800000,20.900000",127.0.0.1:58100,0.074,0,0,61,0.1338
 22/12/2025 22:06:14,1,10,3, 22/12/2025 22:06:14.068,DATA,"21.000000,21.100000,21.200000,21.300000,21.400000,21.500000,21.600000,21.700000,21.800000,21.900000",127.0.0.1:58100,0.07,0,0,51,0.2044
 22/12/2025 22:06:15,1,10,4, 22/12/2025 22:06:15.069,DATA,"22.000000,22.100000,22.200000,22.300000,22.400000,22.500000,22.600000,22.700000,22.800000,22.900000",127.0.0.1:58100,0.07,0,0,51,0.1944
 22/12/2025 22:06:16,1,10,5, 22/12/2025 22:06:16.070,DATA,"23.000000,23.100000,23.200000,23.300000,23.400000,23.500000,23.600000,23.700000,23.800000,23.900000",127.0.0.1:58100,0.071,0,0,51,0.2945
 22/12/2025 22:06:17,1,10,6, 22/12/2025 22:06:17.070,DATA,"24.000000,24.100000,24.200000,24.300000,24.400000,24.500000,24.600000,24.700000,24.800000,24.900000",127.0.0.1:58100,0.071,0,0,51,0.1938
 22/12/2025 22:06:18,1,10,7, 22/12/2025 22:06:18.071,DATA,"25.000000,25.100000,25.200000,25.300000,25.400000,25.500000,25.600000,25.700000,25.800000,25.900000",127.0.0.1:58100,0.072,0,0,51,0.2012
 22/12/2025 22:06:19,1,10,8, 22/12/2025 22:06:19.072,DATA,"26.000000,26.100000,26.200000,26.300000,26.800000,26.900000,27.000000,27.100000,27.200000,27.300000",127.0.0.1:58100,0.073,0,0,51,0.1650
 22/12/2025 22:06:20,1,10,9, 22/12/2025 22:06:20.072,DATA,"27.400000,27.500000,27.600000,27.700000,27.800000,27.900000,21116.000000,20.100000,20.200000,20.300000",127.0.0.1:58100,0.073,0,0,56,0.1907
 22/12/2025 22:06:21,1,10,10, 22/12/2025 22:06:21.073,DATA,"20489.400000,-34.500000,0.000050,20.700000,20.800000,20.900000,21.000000,21.100000,21.200000,21.300000",127.0.0.1:58100,0.074,0,0,56,0.1986
 22/12/2025 22:06:22,1,10,11, 22/12/2025 22:06:22.073,DATA,"21.400000,21.500000,21.600000,21.700000,21.800000,21.900000,22.000000,22.100000,22.200000,22.300000",127.0.0.1:58100,0.074,0,0,51,0.1907
 22/12/2025 22:06:23,1,,0, 22/12/2025 22:06:23.068,HEARTBEAT,,127.0.0.1:58100,0.07,0,0,10,1.1599
 22/12/2025 22:06:23,1,10,12, 22/12/2025 22:06:23.073,DATA,"22.400000,22.500000,22.600000,22.700000,22.800000,22.900000,23.000000,23.100000,23.200000,23.300000",127.0.0.1:58100,0.077,0,0,51,0.1306
 22/12/2025 22:06:33,1,,0, 22/12/2025 22:06:33.069,HEARTBEAT,,127.0.0.1:58100,0.071,0,0,10,1.1305
 22/12/2025 22:06:34,1,fahrenheit,1, 22/12/2025 22:06:34.435,INIT,,127.0.0.1:52634,0.437,0,0,10,0.1419
 22/12/2025 22:06:34,1,10,2, 22/12/2025 22:06:34.437,DATA,"21116.000000,20.100000,20.200000,20.300000,20489.400000,-34.500000,0.000050,20.700000,20.800000,20.900000",127.0.0.1:52634,0.444,0,0,61,0.1381
 22/12/2025 22:06:35,1,10,3, 22/12/2025 22:06:35.438,DATA,"21.000000,21.100000,21.200000,21.300000,21.400000,21.500000,21.600000,21.700000,21.800000,21.900000",127.0.0.1:52634,0.439,0,0,51,0.2293
 22/12/2025 22:06:36,1,10,4, 22/12/2025 22:06:36.438,DATA,"22.000000,22.100000,22.200000,22.300000,22.400000,22.500000,22.600000,22.700000,22.800000,22.900000",127.0.0.1:52634,0.439,0,0,51,0.2242
 22/12/2025 22:06:37,1,10,5, 22/12/2025 22:06:37.438,DATA,"23.000000,23.100000,23.200000,23.300000,23.400000,23.500000,23.600000,23.700000,23.800000,23.900000",127.0.0.1:52634,0.44,0,0,51,0.1951
 22/12/2025 22:06:38,1,10,6, 22/12/2025 22:06:38.439,DATA,"24.000000,24.100000,24.200000,24.300000,24.400000,24.500000,24.600000,24.700000,24.800000,24.900000",127.0.0.1:52634,0.44,0,0,51,0.2191
 22/12/2025 22:06:39,1,10,7, 22/12/2025 22:06:39.440,DATA,"25.000000,25.100000,25.200000,25.300000,25.400000,25.500000,25.600000,25.700000,25.800000,25.900000",127.0.0.1:52634,0.441,0,0,51,0.2282
 22/12/2025 22:06:40,1,10,8, 22/12/2025 22:06:40.440,DATA,"26.000000,26.100000,26.200000,26.300000,26.800000,26.900000,27.000000,27.100000,27.200000,27.300000",127.0.0.1:52634,0.441,0,0,51,0.1976
 22/12/2025 22:06:41,1,10,9, 22/12/2025 22:06:41.441,DATA,"27.400000,27.500000,27.600000,27.700000,27.800000,27.900000,21116.000000,20.100000,20.200000,20.300000",127.0.0.1:52634,0.442,0,0,56,0.1990
 22/12/2025 22:06:42,1,10,10, 22/12/2025 22:06:42.441,DATA,"20489.400000,-34.500000,0.000050,20.700000,20.800000,20.900000,21.000000,21.100000,21.200000,21.300000",127.0.0.1:52634,0.442,0,0,56,0.1984
 22/12/2025 22:06:43,1,10,11, 22/12/2025 22:06:43.441,DATA,"21.400000,21.500000,21.600000,21.700000,21.800000,21.900000,22.000000,22.100000,22.200000,22.300000",127.0.0.1:52634,0.442,0,0,51,0.1583
 22/12/2025 22:06:44,1,,0, 22/12/2025 22:06:44.437,HEARTBEAT,,127.0.0.1:52634,0.439,0,0,10,1.1072
 22/12/2025 22:06:44,1,10,12, 22/12/2025 22:06:44.442,DATA,"22.400000,22.500000,22.600000,22.700000,22.800000,22.900000,23.000000,23.100000,23.200000,23.300000",127.0.0.1:52634,0.446,0,0,51,0.2046
 22/12/2025 22:06:54,1,,0, 22/12/2025 22:06:54.438,HEARTBEAT,,127.0.0.1:52634,0.44,0,0,10,0.9211
 22/12/2025 22:06:55,1,fahrenheit,1, 22/12/2025 22:06:55.854,INIT,,127.0.0.1:50182,0.856,0,0,10,0.1904
 22/12/2025 22:06:55,1,10,2, 22/12/2025 22:06:55.856,DATA,"21116.000000,20.100000,20.200000,20.300000,20489.400000,-34.500000,0.000050,20.700000,20.800000,20.900000",127.0.0.1:50182,0.863,0,0,61,0.3446
 22/12/2025 22:06:56,1,10,3, 22/12/2025 22:06:56.856,DATA,"21.000000,21.100000,21.200000,21.300000,21.400000,21.500000,21.600000,21.700000,21.800000,21.900000",127.0.0.1:50182,0.858,0,0,51,0.2107
 22/12/2025 22:06:57,1,10,4, 22/12/2025 22:06:57.857,DATA,"22.000000,22.100000,22.200000,22.300000,22.400000,22.500000,22.600000,22.700000,22.800000,22.900000",127.0.0.1:50182,0.858,0,0,51,0.1930
 22/12/2025 22:06:58,1,10,5, 22/12/2025 22:06:58.857,DATA,"23.000000,23.100000,23.200000,23.300000,23.400000,23.500000,23.600000,23.700000,23.800000,23.900000",127.0.0.1:50182,0.858,0,0,51,0.1938
 22/12/2025 22:06:59,1,10,6, 22/12/2025 22:06:59.857,DATA,"24.000000,24.100000,24.200000,24.300000,24.400000,24.500000,24.600000,24.700000,24.800000,24.900000",127.0.0.1:50182,0.859,0,0,51,0.2330
 22/12/2025 22:07:00,1,10,7, 22/12/2025 22:07:00.858,DATA,"25.000000,25.100000,25.200000,25.300000,25.400000,25.500000,25.600000,25.700000,25.800000,25.900000",127.0.0.1:50182,0.86,0,0,51,0.6904
 22/12/2025 22:07:01,1,10,8, 22/12/2025 22:07:01.858,DATA,"26.000000,26.100000,26.200000,26.300000,26.800000,26.900000,27.000000,27.100000,27.200000,27.300000",127.0.0.1:50182,0.86,0,0,51,0.2476
 22/12/2025 22:07:02,1,10,9, 22/12/2025 22:07:02.858,DATA,"27.400000,27.500000,27.600000,27.700000,27.800000,27.900000,21116.000000,20.100000,20.200000,20.300000",127.0.0.1:50182,0.86,0,0,56,0.1944
 22/12/2025 22:07:03,1,10,10, 22/12/2025 22:07:03.859,DATA,"20489.400000,-34.500000,0.000050,20.700000,20.800000,20.900000,21.000000,21.100000,21.200000,21.300000",127.0.0.1:50182,0.86,0,0,56,0.1624
 22/12/2025 22:07:04,1,10,11, 22/12/2025 22:07:04.859,DATA,"21.400000,21.500000,21.600000,21.700000,21.800000,21.900000,22.000000,22.100000,22.200000,22.300000",127.0.0.1:50182,0.86,0,0,51,0.2168
 22/12/2025 22:07:05,1,,0, 22/12/2025 22:07:05.856,HEARTBEAT,,127.0.0.1:50182,0.858,0,0,10,1.0282
 22/12/2025 22:07:05,1,10,12, 22/12/2025 22:07:05.859,DATA,"22.400000,22.500000,22.600000,22.700000,22.800000,22.900000,23.000000,23.100000,23.200000,23.300000",127.0.0.1:50182,0.865,0,0,51,0.2069
 22/12/2025 22:07:15,1,,0, 22/12/2025 22:07:15.857,HEARTBEAT,,127.0.0.1:50182,0.859,0,0,10,1.2403
 22/12/2025 22:07:17,1,fahrenheit,1, 22/12/2025 22:07:17.218,INIT,,127.0.0.1:53317,0.219,0,0,10,0.1837
 22/12/2025 22:07:17,1,10,2, 22/12/2025 22:07:17.220,DATA,"21116.000000,20.100000,20.200000,20.300000,20489.400000,-34.500000,0.000050,20.700000,20.800000,20.900000",127.0.0.1:53317,0.227,0,0,61,0.1864
 22/12/2025 22:07:18,1,10,3, 22/12/2025 22:07:18.221,DATA,"21.000000,21.100000,21.200000,21.300000,21.400000,21.500000,21.600000,21.700000,21.800000,21.900000",127.0.0.1:53317,0.222,0,0,51,0.2065
 22/12/2025 22:07:19,1,10,4, 22/12/2025 22:07:19.221,DATA,"22.000000,22.100000,22.200000,22.300000,22.400000,22.500000,22.600000,22.700000,22.800000,22.900000",127.0.0.1:53317,0.222,0,0,51,0.1853
 22/12/2025 22:07:20,1,10,5, 22/12/2025 22:07:20.222,DATA,"23.000000,23.100000,23.200000,23.300000,23.400000,23.500000,23.600000,23.700000,23.800000,23.900000",127.0.0.1:53317,0.223,0,0,51,0.1989
 22/12/2025 22:07:21,1,10,6, 22/12/2025 22:07:21.222,DATA,"24.000000,24.100000,24.200000,24.300000,24.400000,24.500000,24.600000,24.700000,24.800000,24.900000",127.0.0.1:53317,0.224,0,0,51,0.2015
 22/12/2025 22:07:22,1,10,7, 22/12/2025 22:07:22.223,DATA,"25.000000,25.100000,25.200000,25.300000,25.400000,25.500000,25.600000,25.700000,25.800000,25.900000",127.0.0.1:53317,0.224,0,0,51,0.3640
 22/12/2025 22:07:23,1,10,8, 22/12/2025 22:07:23.224,DATA,"26.000000,26.100000,26.200000,26.300000,26.800000,26.900000,27.000000,27.100000,27.200000,27.300000",127.0.0.1:53317,0.225,0,0,51,0.2264
 22/12/2025 22:07:24,1,10,9, 22/12/2025 22:07:24.224,DATA,"27.400000,27.500000,27.600000,27.700000,27.800000,27.900000,21116.000000,20.100000,20.200000,20.300000",127.0.0.1:53317,0.225,0,0,56,0.2038
 22/12/2025 22:07:25,1,10,10, 22/12/2025 22:07:25.224,DATA,"20489.400000,-34.500000,0.000050,20.700000,20.800000,20.900000,21.000000,21.100000,21.200000,21.300000",127.0.0.1:53317,0.225,0,0,56,0.1938
 22/12/2025 22:07:26,1,10,11, 22/12/2025 22:07:26.225,DATA,"21.400000,21.500000,21.600000,21.700000,21.800000,21.900000,22.000000,22.100000,22.200000,22.300000",127.0.0.1:53317,0.226,0,0,51,0.1956
 22/12/2025 22:07:27,1,,0, 22/12/2025 22:07:27.221,HEARTBEAT,,127.0.0.1:53317,0.223,0,0,10,1.0623
 22/12/2025 22:07:27,1,10,12, 22/12/2025 22:07:27.225,DATA,"22.400000,22.500000,22.600000,22.700000,22.800000,22.900000,23.000000,23.100000,23.200000,23.300000",127.0.0.1:53317,0.23,0,0,51,0.1260
 22/12/2025 22:07:37,1,,0, 22/12/2025 22:07:37.222,HEARTBEAT,,127.0.0.1:53317,0.224,0,0,10,1.0634
 22/12/2025 22:14:53,1,fahrenheit,1, 22/12/2025 22:14:53.568,INIT,,127.0.0.1:56933,0.579,0,0,10,0.4914
 22/12/2025 22:14:53,1,10,2, 22/12/2025 22:14:53.579,DATA,"21116.000000,20.100000,20.200000,20.300000,20489.400000,-34.500000,0.000050,20.700000,20.800000,20.900000",127.0.0.1:56933,0.585,0,0,61,0.2123
 22/12/2025 22:14:54,1,10,3, 22/12/2025 22:14:54.580,DATA,"21.000000,21.100000,21.200000,21.300000,21.400000,21.500000,21.600000,21.700000,21.800000,21.900000",127.0.0.1:56933,0.581,0,0,51,0.2222
 22/12/2025 22:14:55,1,10,4, 22/12/2025 22:14:55.580,DATA,"22.000000,22.100000,22.200000,22.300000,22.400000,22.500000,22.600000,22.700000,22.800000,22.900000",127.0.0.1:56933,0.581,0,0,51,0.1645
 22/12/2025 22:14:56,1,10,5, 22/12/2025 22:14:56.580,DATA,"23.000000,23.100000,23.200000,23.300000,23.400000,23.500000,23.600000,23.700000,23.800000,23.900000",127.0.0.1:56933,0.581,0,0,51,0.2266
 22/12/2025 22:14:57,1,10,6, 22/12/2025 22:14:57.580,DATA,"24.000000,24.100000,24.200000,24.300000,24.400000,24.500000,24.600000,24.700000,24.800000,24.900000",127.0.0.1:56933,0.581,0,0,51,0.1811
 22/12/2025 22:14:58,1,10,7, 22/12/2025 22:14:58.580,DATA,"25.000000,25.100000,25.200000,25.300000,25.400000,25.500000,25.600000,25.700000,25.800000,25.900000",127.0.0.1:56933,0.582,0,0,51,0.2082
 22/12/2025 22:14:59,1,10,8, 22/12/2025 22:14:59.581,DATA,"26.000000,26.100000,26.200000,26.300000,26.800000,26.900000,27.000000,27.100000,27.200000,27.300000",127.0.0.1:56933,0.582,0,0,51,0.1662
 22/12/2025 22:15:00,1,10,9, 22/12/2025 22:15:00.581,DATA,"27.400000,27.500000,27.600000,27.700000,27.800000,27.900000,21116.000000,20.100000,20.200000,20.300000",127.0.0.1:56933,0.583,0,0,56,0.3147
 22/12/2025 22:15:01,1,10,10, 22/12/2025 22:15:01.582,DATA,"20489.400000,-34.500000,0.000050,20.700000,20.800000,20.900000,21.000000,21.100000,21.200000,21.300000",127.0.0.1:56933,0.583,0,0,56,0.1989
 22/12/2025 22:15:02,1,10,11, 22/12/2025 22:15:02.582,DATA,"21.400000,21.500000,21.600000,21.700000,21.800000,21.900000,22.000000,22.100000,22.200000,22.300000",127.0.0.1:56933,0.584,0,0,51,0.2964
 22/12/2025 22:15:03,1,,0, 22/12/2025 22:15:03.579,HEARTBEAT,,127.0.0.1:56933,0.581,0,0,10,0.8696
 22/12/2025 22:15:03,1,10,12, 22/12/2025 22:15:03.583,DATA,"22.400000,22.500000,22.600000,22.700000,22.800000,22.900000,23.000000,23.100000,23.200000,23.300000",127.0.0.1:56933,0.587,0,0,51,0.1439
 22/12/2025 22:15:13,1,,0, 22/12/2025 22:15:13.580,HEARTBEAT,,127.0.0.1:56933,0.582,0,0,10,1.1418
 22/12/2025 22:15:15,1,fahrenheit,1, 22/12/2025 22:15:15.020,INIT,,127.0.0.1:49538,0.021,0,0,10,0.1485
 22/12/2025 22:15:15,1,10,2, 22/12/2025 22:15:15.021,DATA,"21116.000000,20.100000,20.200000,20.300000,20489.400000,-34.500000,0.000050,20.700000,20.800000,20.900000",127.0.0.1:49538,0.029,0,0,61,0.1580
 22/12/2025 22:15:16,1,10,3, 22/12/2025 22:15:16.022,DATA,"21.000000,21.100000,21.200000,21.300000,21.400000,21.500000,21.600000,21.700000,21.800000,21.900000",127.0.0.1:49538,0.023,0,0,51,0.2382
 22/12/2025 22:15:17,1,10,4, 22/12/2025 22:15:17.022,DATA,"22.000000,22.100000,22.200000,22.300000,22.400000,22.500000,22.600000,22.700000,22.800000,22.900000",127.0.0.1:49538,0.023,0,0,51,0.1925
 22/12/2025 22:15:18,1,10,5, 22/12/2025 22:15:18.022,DATA,"23.000000,23.100000,23.200000,23.300000,23.400000,23.500000,23.600000,23.700000,23.800000,23.900000",127.0.0.1:49538,0.023,0,0,51,0.1871
 22/12/2025 22:15:19,1,10,6, 22/12/2025 22:15:19.023,DATA,"24.000000,24.100000,24.200000,24.300000,24.400000,24.500000,24.600000,24.700000,24.800000,24.900000",127.0.0.1:49538,0.024,0,0,51,0.2116
 22/12/2025 22:15:20,1,10,7, 22/12/2025 22:15:20.023,DATA,"25.000000,25.100000,25.200000,25.300000,25.400000,25.500000,25.600000,25.700000,25.800000,25.900000",127.0.0.1:49538,0.024,0,0,51,0.2209
 22/12/2025 22:15:21,1,10,8, 22/12/2025 22:15:21.024,DATA,"26.000000,26.100000,26.200000,26.300000,26.800000,26.900000,27.000000,27.100000,27.200000,27.300000",127.0.0.1:49538,0.025,0,0,51,0.1788
 22/12/2025 22:15:22,1,10,9, 22/12/2025 22:15:22.024,DATA,"27.400000,27.500000,27.600000,27.700000,27.800000,27.900000,21116.000000,20.100000,20.200000,20.300000",127.0.0.1:49538,0.025,0,0,56,0.2058
 22/12/2025 22:15:23,1,10,10, 22/12/2025 22:15:23.024,DATA,"20489.400000,-34.500000,0.000050,20.700000,20.800000,20.900000,21.000000,21.100000,21.200000,21.300000",127.0.0.1:49538,0.026,0,0,56,0.1969
 22/12/2025 22:15:24,1,10,11, 22/12/2025 22:15:24.025,DATA,"21.400000,21.500000,21.600000,21.700000,21.800000,21.900000,22.000000,22.100000,22.200000,22.300000",127.0.0.1:49538,0.026,0,0,51,0.1638
 22/12/2025 22:15:25,1,10,12, 22/12/2025 22:15:25.025,DATA,"22.400000,22.500000,22.600000,22.700000,22.800000,22.900000,23.000000,23.100000,23.200000,23.300000",127.0.0.1:49538,0.026,0,0,51,0.1643
 22/12/2025 22:15:25,1,,0, 22/12/2025 22:15:25.021,HEARTBEAT,,127.0.0.1:49538,0.033,0,0,10,0.6094
 22/12/2025 22:15:36,1,fahrenheit,1, 22/12/2025 22:15:36.410,INIT,,127.0.0.1:46356,0.411,0,0,10,0.1913
 22/12/2025 22:15:36,1,10,2, 22/12/2025 22:15:36.411,DATA,"21116.000000,20.100000,20.200000,20.300000,20489.400000,-34.500000,0.000050,20.700000,20.800000,20.900000",127.0.0.1:46356,0.417,0,0,61,0.1724
 22/12/2025 22:15:37,1,10,3, 22/12/2025 22:15:37.412,DATA,"21.000000,21.100000,21.200000,21.300000,21.400000,21.500000,21.600000,21.700000,21.800000,21.900000",127.0.0.1:46356,0.413,0,0,51,0.2202
 22/12/2025 22:15:38,1,10,4, 22/12/2025 22:15:38.412,DATA,"22.000000,22.100000,22.200000,22.300000,22.400000,22.500000,22.600000,22.700000,22.800000,22.900000",127.0.0.1:46356,0.413,0,0,51,0.1661
 22/12/2025 22:15:39,1,10,5, 22/12/2025 22:15:39.412,DATA,"23.000000,23.100000,23.200000,23.300000,23.400000,23.500000,23.600000,23.700000,23.800000,23.900000",127.0.0.1:46356,0.413,0,0,51,0.1833
 22/12/2025 22:15:40,1,10,6, 22/12/2025 22:15:40.412,DATA,"24.000000,24.100000,24.200000,24.300000,24.400000,24.500000,24.600000,24.700000,24.800000,24.900000",127.0.0.1:46356,0.413,0,0,51,0.1742
 22/12/2025 22:15:41,1,10,7, 22/12/2025 22:15:41.413,DATA,"25.000000,25.100000,25.200000,25.300000,25.400000,25.500000,25.600000,25.700000,25.800000,25.900000",127.0.0.1:46356,0.414,0,0,51,0.1856
 22/12/2025 22:15:42,1,10,8, 22/12/2025 22:15:42.413,DATA,"26.000000,26.100000,26.200000,26.300000,26.800000,26.900000,27.000000,27.100000,27.200000,27.300000",127.0.0.1:46356,0.414,0,0,51,0.2253
 22/12/2025 22:15:43,1,10,9, 22/12/2025 22:15:43.413,DATA,"27.400000,27.500000,27.600000,27.700000,27.800000,27.900000,21116.000000,20.100000,20.200000,20.300000",127.0.0.1:46356,0.414,0,0,56,0.2199
 22/12/2025 22:15:44,1,10,10, 22/12/2025 22:15:44.413,DATA,"20489.400000,-34.500000,0.000050,20.700000,20.800000,20.900000,21.000000,21.100000,21.200000,21.300000",127.0.0.1:46356,0.414,0,0,56,0.1727
 22/12/2025 22:15:45,1,10,11, 22/12/2025 22:15:45.414,DATA,"21.400000,21.500000,21.600000,21.700000,21.800000,21.900000,22.000000,22.100000,22.200000,22.300000",127.0.0.1:46356,0.415,0,0,51,0.1724
 22/12/2025 22:15:46,1,,0, 22/12/2025 22:15:46.411,HEARTBEAT,,127.0.0.1:46356,0.413,0,0,10,1.0650
 22/12/2025 22:15:46,1,10,12, 22/12/2025 22:15:46.414,DATA,"22.400000,22.500000,22.600000,22.700000,22.800000,22.900000,23.000000,23.100000,23.200000,23.300000",127.0.0.1:46356,0.42,0,0,51,0.1342
 22/12/2025 22:15:56,1,,0, 22/12/2025 22:15:56.412,HEARTBEAT,,127.0.0.1:46356,0.415,0,0,10,1.1732
